feature_name,avg_latency_ms,crash_rate,avg_error_count,avg_feedback_score,usage_count,quality_score
Login,114.91231343283582,0.11473880597014925,2.424440298507463,2.971082089552239,1072,0.8885847014925373
Payments,397.2251037344398,0.10684647302904564,2.478215767634855,3.0228215767634854,964,0.8498080912863073
Recommendations,394.50758341759354,0.1102123356926188,2.506572295247725,2.948432760364004,989,0.8167506572295248
Search,403.488995215311,0.09569377990430622,2.5913875598086125,3.0354066985645933,1045,0.845617990430622
VideoPlayback,403.1380753138075,0.10564853556485355,2.478033472803347,2.9728033472803346,956,0.8289958158995814
