feature_name,avg_latency_ms,crash_rate,avg_error_count,avg_feedback_score,usage_count,quality_score,high_risk,risk_probability
Login,114.91231343283582,0.1147388059701492,2.424440298507463,2.971082089552239,1072,0.8885847014925373,0,0.23
Payments,397.2251037344398,0.1068464730290456,2.478215767634855,3.0228215767634854,964,0.8498080912863073,0,0.24
Recommendations,394.5075834175936,0.1102123356926188,2.506572295247725,2.948432760364004,989,0.8167506572295248,1,0.74
Search,403.488995215311,0.0956937799043062,2.5913875598086125,3.0354066985645933,1045,0.845617990430622,0,0.19
VideoPlayback,403.1380753138075,0.1056485355648535,2.478033472803347,2.9728033472803346,956,0.8289958158995814,1,0.7
