feature,importance
avg_latency,0.35069530078636063
avg_error_count,0.331759406860471
crash_rate,0.1522519039856635
usage_count,0.09002767294584756
avg_feedback,0.07526571542165716
