feature,importance
crash_rate,0.32705769972677456
avg_feedback,0.3251461322128763
avg_latency,0.32314387103012127
usage_count,0.024652297030227734
