feature,importance
avg_error_count,0.3022905090783304
avg_feedback,0.25442920929428886
avg_latency,0.18625145645386315
crash_rate,0.18608417632046276
usage_count,0.07094464885305482
