feature,importance
avg_feedback,0.33238888840796105
crash_rate,0.3261600055204843
avg_latency,0.32115584566440203
usage_count,0.020295260407152668
