feature,importance
avg_error_count,0.4814745321457105
avg_latency,0.21375425498850278
usage_count,0.14663750913765902
crash_rate,0.1046025250114315
avg_feedback,0.05353117871669617
