{
  "roc_auc": 0.9679075738125803,
  "cv_auc_mean": 0.993417486806447,
  "cv_auc_std": 0.006267311300809282,
  "average_precision": 0.954587425501553,
  "accuracy": 0.9166666666666666,
  "positive_rate": 0.31,
  "confusion_matrix": [
    [
      39,
      2
    ],
    [
      3,
      16
    ]
  ],
  "classification_report": {
    "0": {
      "precision": 0.9285714285714286,
      "recall": 0.9512195121951219,
      "f1-score": 0.9397590361445783,
      "support": 41.0
    },
    "1": {
      "precision": 0.8888888888888888,
      "recall": 0.8421052631578947,
      "f1-score": 0.8648648648648649,
      "support": 19.0
    },
    "accuracy": 0.9166666666666666,
    "macro avg": {
      "precision": 0.9087301587301587,
      "recall": 0.8966623876765083,
      "f1-score": 0.9023119505047217,
      "support": 60.0
    },
    "weighted avg": {
      "precision": 0.9160052910052909,
      "recall": 0.9166666666666666,
      "f1-score": 0.9160425485726691,
      "support": 60.0
    }
  },
  "train_rows": 240,
  "test_rows": 60,
  "feature_cols": [
    "avg_latency",
    "crash_rate",
    "avg_feedback",
    "usage_count",
    "avg_error_count"
  ],
  "run_timestamp": "2026-03-18T00:52:03.854947+00:00"
}